command,doc_file
genpkey,openssl-genpkey.html
pkey,openssl-pkey.html
req,openssl-req.html
x509,openssl-x509.html
pkeyutl,openssl-pkeyutl.html
dgst,openssl-dgst.html
enc,openssl-enc.html
rand,openssl-rand.html
version,openssl-version.html
pkcs12,openssl-pkcs12.html
asn1parse,openssl-asn1parse.html
ca,openssl-ca.html
crl,openssl-crl.html
verify,openssl-verify.html
s_client,openssl-s_client.html
s_server,openssl-s_server.html
ml-kem-512,EVP_PKEY-KEM.html
ml-kem-768,EVP_PKEY-KEM.html
ml-kem-1024,EVP_PKEY-KEM.html
ml-dsa-44,EVP_SIGNATURE-ML-DSA.html
ml-dsa-65,EVP_SIGNATURE-ML-DSA.html
ml-dsa-87,EVP_SIGNATURE-ML-DSA.html
slh-dsa-sha2-128s,EVP_SIGNATURE-SLH-DSA.html
slh-dsa-sha2-128f,EVP_SIGNATURE-SLH-DSA.html
slh-dsa-sha2-192s,EVP_SIGNATURE-SLH-DSA.html
slh-dsa-sha2-192f,EVP_SIGNATURE-SLH-DSA.html
slh-dsa-sha2-256s,EVP_SIGNATURE-SLH-DSA.html
slh-dsa-sha2-256f,EVP_SIGNATURE-SLH-DSA.html
